statefip,puma,superpuma,mpop2000,pumapop2000,mpopshare2000,metropuma03
1,"00100","01300",142950,142950,1,1
1,"00200","01100",157952,157952,1,1
1,"00300","01100",184424,184424,1,1
1,"00400","01200",0,118378,0,0
1,"00500","01100",0,184557,0,0
1,"00600","01100",145867,145867,1,1
1,"00700","01300",0,132583,0,0
1,"00800","01701",186479,186479,1,1
1,"00901","01702",103629,103629,1,1
1,"00902","01702",123233,123233,1,1
1,"00903","01702",154204,154204,1,1
1,"00904","01702",177089,177089,1,1
1,"00905","01701",103892,103892,1,1
1,"01000","01200",103459,103459,1,1
1,"01100","01200",0,155066,0,0
1,"01200","01200",112249,112249,1,1
1,"01300","01701",143293,143293,1,1
1,"01400","01300",164875,164875,1,1
1,"01500","01300",47985,128750,.372699,0
1,"01600","01500",39593,129853,.3049063,0
1,"01700","01400",115092,115092,1,1
1,"01800","01400",66066,195592,.3377745,0
1,"01900","01500",201568,201568,1,1
1,"02000","01500",131487,131487,1,1
1,"02100","01600",13473,165395,.0814595,0
1,"02200","01600",198915,198915,1,1
1,"02300","01600",200928,200928,1,1
1,"02400","01600",0,140415,0,0
1,"02500","01400",25764,107010,.2407625,0
1,"02600","01400",88787,137916,.6437759,1
2,"00101","02100",118678,118678,1,1
2,"00102","02100",141605,141605,1,1
2,"00200","02100",59322,109013,.5441737,1
2,"00300","02100",82840,157110,.5272739,1
2,"00400","02100",0,100526,0,0
4,"00101","04301",102745,102745,1,1
4,"00102","04301",109336,109336,1,1
4,"00103","04302",174453,174453,1,1
4,"00104","04302",188935,188935,1,1
4,"00105","04303",152743,152743,1,1
4,"00106","04303",100324,100324,1,1
4,"00107","04302",146150,146150,1,1
4,"00108","04301",116247,116247,1,1
4,"00109","04301",120787,120787,1,1
4,"00110","04301",103499,103499,1,1
4,"00111","04305",169069,169069,1,1
4,"00112","04304",170752,170752,1,1
4,"00113","04304",103984,103984,1,1
4,"00114","04303",183523,183523,1,1
4,"00115","04303",152860,152860,1,1
4,"00116","04306",163902,163902,1,1
4,"00117","04304",143876,143876,1,1
4,"00118","04305",148303,148303,1,1
4,"00119","04305",104352,104352,1,1
4,"00120","04306",189676,189676,1,1
4,"00121","04306",126516,126516,1,1
4,"00122","04306",100117,100117,1,1
4,"00201","04402",130097,130097,1,1
4,"00202","04401",107604,107604,1,1
4,"00203","04401",101880,101880,1,1
4,"00204","04402",136739,136739,1,1
4,"00205","04401",100961,100961,1,1
4,"00206","04401",107307,107307,1,1
4,"00207","04402",159158,159158,1,1
4,"00300","04100",0,166893,0,0
4,"00400","04100",116320,116320,1,1
4,"00500","04100",167517,167517,1,1
4,"00600","04100",0,174747,0,0
4,"00700","04100",160026,160026,1,1
4,"00800","04200",179727,231062,.7778302,1
4,"00900","04200",0,198172,0,0
5,"00100","05100",153406,153406,1,1
5,"00200","05100",157715,157715,1,1
5,"00300","05100",14243,144943,.0982662,0
5,"00400","05200",0,127980,0,0
5,"00500","05200",82148,173057,.4746875,0
5,"00600","05200",50866,102845,.4945889,0
5,"00700","05200",25614,113494,.2256859,0
5,"00800","05200",0,114117,0,0
5,"00900","05300",183133,183133,1,1
5,"01000","05300",178341,178341,1,1
5,"01100","05300",222371,222371,1,1
5,"01200","05400",10209,128934,.07918,0
5,"01300","05400",168318,168318,1,1
5,"01400","05400",17771,101539,.1750165,0
5,"01500","05400",88068,151212,.5824141,1
5,"01600","05500",100742,121491,.8292137,1
5,"01700","05500",23063,108053,.2134416,0
5,"01800","05500",0,114976,0,0
5,"01900","05500",40443,107475,.3763015,0
6,"00100","06010",0,115085,0,0
6,"00200","06010",0,126518,0,0
6,"00300","06010",163256,163256,1,1
6,"00400","06020",0,144574,0,0
6,"00500","06020",0,114318,0,0
6,"00600","06020",203171,203171,1,1
6,"00700","06030",0,116412,0,0
6,"00800","06030",139149,139149,1,1
6,"00900","06030",168660,168660,1,1
6,"01000","06050",124279,124279,1,1
6,"01101","06040",177541,177541,1,1
6,"01102","06040",115251,115251,1,1
6,"01103","06040",165822,165822,1,1
6,"01201","06040",100916,100916,1,1
6,"01202","06040",146373,146373,1,1
6,"01301","06050",146849,146849,1,1
6,"01302","06050",126603,126603,1,1
6,"01303","06050",121090,121090,1,1
6,"01401","06060",127590,127590,1,1
6,"01402","06060",108826,108826,1,1
6,"01403","06060",170602,170602,1,1
6,"01501","06071",133925,133925,1,1
6,"01502","06071",106738,106738,1,1
6,"01503","06072",142880,142880,1,1
6,"01504","06071",169571,169571,1,1
6,"01505","06072",162285,162285,1,1
6,"01506","06072",101082,101082,1,1
6,"01601","06080",135702,135702,1,1
6,"01602","06080",112697,112697,1,1
6,"01700","06080",156299,156299,1,1
6,"01800","06090",0,179291,0,0
6,"01901","06100",110315,110315,1,1
6,"01902","06100",133456,133456,1,1
6,"02001","06100",149825,149825,1,1
6,"02002","06100",170002,170002,1,1
6,"02101","06121",126004,126004,1,1
6,"02102","06121",116435,116435,1,1
6,"02103","06121",106258,106258,1,1
6,"02104","06121",149173,149173,1,1
6,"02105","06122",111307,111307,1,1
6,"02106","06122",119237,119237,1,1
6,"02107","06122",108255,108255,1,1
6,"02108","06122",112147,112147,1,1
6,"02201","06130",136975,136975,1,1
6,"02202","06130",107285,107285,1,1
6,"02203","06130",107054,107054,1,1
6,"02204","06130",109355,109355,1,1
6,"02205","06130",105532,105532,1,1
6,"02206","06130",105194,105194,1,1
6,"02207","06130",105338,105338,1,1
6,"02301","06140",140752,140752,1,1
6,"02302","06140",112191,112191,1,1
6,"02303","06140",100602,100602,1,1
6,"02304","06140",114773,114773,1,1
6,"02305","06140",124010,124010,1,1
6,"02306","06140",114833,114833,1,1
6,"02401","06151",119187,119187,1,1
6,"02402","06151",157015,157015,1,1
6,"02403","06151",125518,125518,1,1
6,"02404","06151",131451,131451,1,1
6,"02405","06152",156293,156293,1,1
6,"02406","06152",130433,130433,1,1
6,"02407","06152",140428,140428,1,1
6,"02408","06153",130230,130230,1,1
6,"02409","06153",181534,181534,1,1
6,"02410","06153",171652,171652,1,1
6,"02500","06110",188856,188856,1,1
6,"02601","06110",138237,138237,1,1
6,"02602","06110",119904,119904,1,1
6,"02701","06161",184797,184797,1,1
6,"02702","06161",135615,135615,1,1
6,"02703","06161",108439,108439,1,1
6,"02704","06162",123403,123403,1,1
6,"02705","06162",104767,104767,1,1
6,"02706","06163",102115,102115,1,1
6,"02707","06163",126866,126866,1,1
6,"02708","06163",126838,126838,1,1
6,"02709","06163",116043,116043,1,1
6,"02710","06163",143990,143990,1,1
6,"02711","06163",100883,100883,1,1
6,"02712","06163",103304,103304,1,1
6,"02713","06162",105055,105055,1,1
6,"02714","06162",100470,100470,1,1
6,"02801","06170",122562,122562,1,1
6,"02802","06170",133040,133040,1,1
6,"02900","06170",151060,151060,1,1
6,"03001","06170",130206,130206,1,1
6,"03002","06170",173730,173730,1,1
6,"03100","06090",210554,210554,1,1
6,"03200","06090",123109,123109,1,1
6,"03301","06180",296056,296056,1,1
6,"03302","06180",131596,131596,1,1
6,"03401","06180",139883,139883,1,1
6,"03402","06180",231872,231872,1,1
6,"03501","06190",105125,105125,1,1
6,"03502","06190",119014,119014,1,1
6,"03503","06190",143882,143882,1,1
6,"03600","06190",129461,129461,1,1
6,"03701","06220",117927,117927,1,1
6,"03702","06220",128754,128754,1,1
6,"03800","06210",247057,247057,1,1
6,"03901","06210",125980,125980,1,1
6,"03902","06210",146717,146717,1,1
6,"03903","06210",141891,141891,1,1
6,"04000","06201",158007,158007,1,1
6,"04100","06201",127743,127743,1,1
6,"04200","06201",128929,128929,1,1
6,"04300","06202",185401,185401,1,1
6,"04401","06201",145990,145990,1,1
6,"04402","06201",108047,108047,1,1
6,"04403","06202",204331,204331,1,1
6,"04404","06202",188687,188687,1,1
6,"04405","06203",166142,166142,1,1
6,"04406","06203",185721,185721,1,1
6,"04407","06203",110436,110436,1,1
6,"04500","06401",118718,118718,1,1
6,"04600","06401",116670,116670,1,1
6,"04700","06401",151088,151088,1,1
6,"04800","06405",100316,100316,1,1
6,"04900","06405",194973,194973,1,1
6,"05000","06405",133936,133936,1,1
6,"05100","06403",115965,115965,1,1
6,"05200","06402",149473,149473,1,1
6,"05300","06406",124283,124283,1,1
6,"05401","06301",162235,162235,1,1
6,"05402","06301",126845,126845,1,1
6,"05403","06301",120285,120285,1,1
6,"05404","06302",131131,131131,1,1
6,"05405","06301",128277,128277,1,1
6,"05406","06302",133680,133680,1,1
6,"05407","06302",159064,159064,1,1
6,"05408","06303",160836,160836,1,1
6,"05409","06303",150282,150282,1,1
6,"05410","06303",156616,156616,1,1
6,"05411","06304",194388,194388,1,1
6,"05412","06304",164698,164698,1,1
6,"05413","06304",233983,233983,1,1
6,"05414","06306",123129,123129,1,1
6,"05415","06305",193704,193704,1,1
6,"05416","06305",228910,228910,1,1
6,"05417","06305",153663,153663,1,1
6,"05418","06306",107542,107542,1,1
6,"05419","06306",156039,156039,1,1
6,"05420","06306",114788,114788,1,1
6,"05421","06307",161383,161383,1,1
6,"05422","06307",119937,119937,1,1
6,"05423","06307",129796,129796,1,1
6,"05424","06307",184246,184246,1,1
6,"05500","06411",112580,112580,1,1
6,"05600","06410",137946,137946,1,1
6,"05701","06409",138799,138799,1,1
6,"05702","06409",196892,196892,1,1
6,"05703","06409",125831,125831,1,1
6,"05800","06403",105080,105080,1,1
6,"05900","06407",107323,107323,1,1
6,"06000","06407",103298,103298,1,1
6,"06101","06401",122141,122141,1,1
6,"06102","06404",142241,142241,1,1
6,"06103","06404",110116,110116,1,1
6,"06104","06404",172377,172377,1,1
6,"06105","06402",159524,159524,1,1
6,"06106","06402",163104,163104,1,1
6,"06107","06403",114547,114547,1,1
6,"06108","06403",110972,110972,1,1
6,"06109","06403",126720,126720,1,1
6,"06110","06406",166971,166971,1,1
6,"06111","06406",128245,128245,1,1
6,"06112","06406",122051,122051,1,1
6,"06113","06408",145553,145553,1,1
6,"06114","06408",137816,137816,1,1
6,"06115","06408",168966,168966,1,1
6,"06116","06407",128144,128144,1,1
6,"06117","06407",130374,130374,1,1
6,"06118","06407",163666,163666,1,1
6,"06119","06408",149972,149972,1,1
6,"06120","06410",110297,110297,1,1
6,"06121","06410",100797,100797,1,1
6,"06122","06410",131712,131712,1,1
6,"06123","06411",140665,140665,1,1
6,"06124","06411",116546,116546,1,1
6,"06125","06411",218389,218389,1,1
6,"06126","06411",108804,108804,1,1
6,"06200","06230",170358,170358,1,1
6,"06300","06230",100916,100916,1,1
6,"06400","06230",111351,111351,1,1
6,"06500","06230",117005,117005,1,1
6,"06601","06230",126049,126049,1,1
6,"06602","06230",127518,127518,1,1
6,"06701","06220",198345,198345,1,1
6,"06702","06220",201002,201002,1,1
6,"06801","06502",191282,191282,1,1
6,"06802","06502",137014,137014,1,1
6,"06900","06504",108724,108724,1,1
6,"07000","06501",126003,126003,1,1
6,"07100","06503",165198,165198,1,1
6,"07200","06504",189594,189594,1,1
6,"07300","06503",143072,143072,1,1
6,"07400","06502",128919,128919,1,1
6,"07501","06503",156600,156600,1,1
6,"07502","06503",181377,181377,1,1
6,"07601","06505",172917,172917,1,1
6,"07602","06505",168193,168193,1,1
6,"07603","06505",187462,187462,1,1
6,"07604","06501",205563,205563,1,1
6,"07605","06501",188133,188133,1,1
6,"07606","06504",200540,200540,1,1
6,"07607","06505",195698,195698,1,1
6,"07700","06601",124966,124966,1,1
6,"07801","06602",111647,111647,1,1
6,"07802","06602",143519,143519,1,1
6,"07900","06602",142381,142381,1,1
6,"08001","06601",288783,288783,1,1
6,"08002","06603",196134,196134,1,1
6,"08003","06602",182040,182040,1,1
6,"08004","06603",196172,196172,1,1
6,"08005","06603",159745,159745,1,1
6,"08101","06701",241025,241025,1,1
6,"08102","06702",124020,124020,1,1
6,"08103","06703",149147,149147,1,1
6,"08104","06702",183293,183293,1,1
6,"08105","06702",210139,210139,1,1
6,"08106","06703",107380,107380,1,1
6,"08107","06701",168125,168125,1,1
6,"08108","06703",227240,227240,1,1
6,"08109","06704",230212,230212,1,1
6,"08110","06704",125132,125132,1,1
6,"08111","06704",139299,139299,1,1
6,"08112","06704",164234,164234,1,1
6,"08113","06705",176440,176440,1,1
6,"08114","06705",172344,172344,1,1
6,"08115","06705",208114,208114,1,1
6,"08116","06705",187689,187689,1,1
6,"08200","06603",142361,142361,1,1
8,"00101","08101",15861,100089,.158469,0
8,"00102","08101",120093,120093,1,1
8,"00103","08102",113143,113143,1,1
8,"00200","08101",118652,118652,1,1
8,"00300","08101",180936,180936,1,1
8,"00400","08102",19872,133491,.148864,0
8,"00501","08102",7499,100755,.0744281,0
8,"00502","08103",133973,133973,1,1
8,"00600","08102",0,147931,0,0
8,"00700","08103",0,119652,0,0
8,"00801","08201",107466,107466,1,1
8,"00802","08201",113092,113092,1,1
8,"00803","08201",107227,107227,1,1
8,"00804","08201",101798,101798,1,1
8,"00805","08203",105982,105982,1,1
8,"00806","08203",110684,110684,1,1
8,"00807","08203",101408,101408,1,1
8,"00808","08204",112814,112814,1,1
8,"00809","08204",103816,103816,1,1
8,"00810","08204",113602,113602,1,1
8,"00811","08204",102959,102959,1,1
8,"00812","08202",117406,117406,1,1
8,"00813","08202",100089,100089,1,1
8,"00814","08202",100910,100910,1,1
8,"00815","08202",142364,142364,1,1
8,"00816","08202",114985,114985,1,1
8,"00817","08203",109722,109722,1,1
8,"00818","08205",100888,100888,1,1
8,"00819","08205",135315,135315,1,1
8,"00820","08205",104775,104775,1,1
8,"00821","08205",106540,106540,1,1
8,"00822","08205",100807,100807,1,1
8,"00901","08103",102268,102268,1,1
8,"00902","08104",101808,101808,1,1
8,"00903","08104",101046,101046,1,1
8,"00904","08104",109251,109251,1,1
8,"00905","08104",102556,102556,1,1
8,"01000","08103",35078,100968,.347417,0
9,"00100","09100",0,182193,0,0
9,"00200","09200",150378,150378,1,1
9,"00300","09300",104315,104315,1,1
9,"00400","09200",154723,154723,1,1
9,"00500","09200",107980,107980,1,1
9,"00600","09300",107081,107081,1,1
9,"00700","09300",111128,111128,1,1
9,"00800","09300",121578,121578,1,1
9,"00900","09400",136364,136364,1,1
9,"01000","09400",0,109091,0,0
9,"01100","09400",128912,128912,1,1
9,"01200","09400",130176,130176,1,1
9,"01300","09500",155071,155071,1,1
9,"01400","09100",123539,123539,1,1
9,"01500","09500",124305,124305,1,1
9,"01600","09500",117335,117335,1,1
9,"01700","09500",117898,117898,1,1
9,"01800","09500",110034,110034,1,1
9,"01900","09100",107271,107271,1,1
9,"02000","09500",123626,123626,1,1
9,"02100","09100",183303,183303,1,1
9,"02200","09600",206179,206179,1,1
9,"02300","09600",236473,236473,1,1
9,"02400","09600",139529,139529,1,1
9,"02500","09600",117083,117083,1,1
10,"00101","10100",150716,150716,1,1
10,"00102","10100",125253,125253,1,1
10,"00103","10100",122063,122063,1,1
10,"00104","10100",102233,102233,1,1
10,"00200","10100",126697,126697,1,1
10,"00300","10100",0,156638,0,0
11,"00101","11100",101578,101578,1,1
11,"00102","11100",106159,106159,1,1
11,"00103","11100",117201,117201,1,1
11,"00104","11100",139614,139614,1,1
11,"00105","11100",107507,107507,1,1
12,"00101","12010",193053,193053,1,1
12,"00102","12010",101357,101357,1,1
12,"00200","12010",117743,117743,1,1
12,"00300","12020",170498,170498,1,1
12,"00400","12020",0,126893,0,0
12,"00500","12020",148217,148217,1,1
12,"00600","12030",35765,118181,.302629,0
12,"00701","12030",171782,171782,1,1
12,"00702","12030",112757,112757,1,1
12,"00800","12040",14437,117907,.122444,0
12,"00900","12040",22259,118302,.188154,0
12,"01001","12040",107751,107751,1,1
12,"01002","12040",110204,110204,1,1
12,"01101","12051",106695,106695,1,1
12,"01102","12051",136875,136875,1,1
12,"01103","12051",105872,105872,1,1
12,"01104","12051",124697,124697,1,1
12,"01105","12051",104611,104611,1,1
12,"01106","12052",101008,101008,1,1
12,"01107","12052",156784,156784,1,1
12,"01200","12052",123135,123135,1,1
12,"01300","12052",140814,140814,1,1
12,"01400","12060",0,120255,0,0
12,"01501","12070",104671,104671,1,1
12,"01502","12070",154245,154245,1,1
12,"01600","12070",0,171430,0,0
12,"01700","12081",130802,130802,1,1
12,"01801","12091",105439,105439,1,1
12,"01802","12091",105089,105089,1,1
12,"01901","12060",192698,192698,1,1
12,"01902","12060",120738,120738,1,1
12,"01903","12060",129907,129907,1,1
12,"02001","12091",154102,154102,1,1
12,"02002","12091",104758,104758,1,1
12,"02003","12091",106336,106336,1,1
12,"02101","12100",155942,155942,1,1
12,"02102","12100",118603,118603,1,1
12,"02103","12100",100779,100779,1,1
12,"02104","12100",100906,100906,1,1
12,"02201","12092",101682,101682,1,1
12,"02202","12093",179736,179736,1,1
12,"02203","12093",129757,129757,1,1
12,"02204","12092",136998,136998,1,1
12,"02205","12092",102607,102607,1,1
12,"02206","12092",141404,141404,1,1
12,"02207","12092",104160,104160,1,1
12,"02300","12093",172493,172493,1,1
12,"02401","12110",150697,150697,1,1
12,"02402","12110",125708,125708,1,1
12,"02403","12110",102295,102295,1,1
12,"02404","12110",105224,105224,1,1
12,"02501","12081",117591,117591,1,1
12,"02502","12081",119444,119444,1,1
12,"02503","12081",107730,107730,1,1
12,"02601","12082",119663,119663,1,1
12,"02602","12082",103249,103249,1,1
12,"02603","12082",113201,113201,1,1
12,"02604","12082",105885,105885,1,1
12,"02605","12083",117145,117145,1,1
12,"02606","12083",109279,109279,1,1
12,"02607","12083",125883,125883,1,1
12,"02608","12083",127177,127177,1,1
12,"02701","12084",138437,138437,1,1
12,"02702","12084",149564,149564,1,1
12,"02703","12084",116729,116729,1,1
12,"02704","12084",147502,147502,1,1
12,"02705","12085",105500,105500,1,1
12,"02706","12085",101490,101490,1,1
12,"02707","12085",133534,133534,1,1
12,"02708","12085",106192,106192,1,1
12,"02801","12140",134394,134394,1,1
12,"02802","12140",129608,129608,1,1
12,"02901","12140",175152,175152,1,1
12,"02902","12140",150805,150805,1,1
12,"03000","12150",141627,141627,1,1
12,"03100","12130",0,193299,0,0
12,"03200","12120",112947,148857,.7587618,1
12,"03300","12120",192695,192695,1,1
12,"03400","12120",126731,126731,1,1
12,"03501","12161",183935,183935,1,1
12,"03502","12161",129888,129888,1,1
12,"03503","12161",110005,110005,1,1
12,"03504","12161",107544,107544,1,1
12,"03505","12162",129324,129324,1,1
12,"03506","12162",107735,107735,1,1
12,"03507","12162",105032,105032,1,1
12,"03508","12162",102811,102811,1,1
12,"03509","12162",154910,154910,1,1
12,"03601","12171",132951,132951,1,1
12,"03602","12171",105683,105683,1,1
12,"03603","12171",104503,104503,1,1
12,"03604","12171",109935,109935,1,1
12,"03605","12172",141829,141829,1,1
12,"03606","12172",174040,174040,1,1
12,"03607","12172",106010,106010,1,1
12,"03608","12172",144356,144356,1,1
12,"03609","12173",112455,112455,1,1
12,"03610","12173",135089,135089,1,1
12,"03611","12173",130089,130089,1,1
12,"03612","12173",102383,102383,1,1
12,"03613","12173",123695,123695,1,1
12,"03701","12130",123148,123148,1,1
12,"03702","12130",128229,128229,1,1
12,"03800","12150",102286,102286,1,1
12,"03901","12150",117247,117247,1,1
12,"03902","12150",105694,105694,1,1
12,"03903","12150",115661,115661,1,1
12,"04001","12181",102123,102123,1,1
12,"04002","12181",104643,104643,1,1
12,"04003","12181",105305,105305,1,1
12,"04004","12181",118445,118445,1,1
12,"04005","12182",137551,137551,1,1
12,"04006","12182",101338,101338,1,1
12,"04007","12182",128514,128514,1,1
12,"04008","12182",125727,125727,1,1
12,"04009","12183",101190,101190,1,1
12,"04010","12183",110054,110054,1,1
12,"04011","12183",158650,158650,1,1
12,"04012","12183",138722,138722,1,1
12,"04013","12184",108940,108940,1,1
12,"04014","12184",111491,111491,1,1
12,"04015","12184",128513,128513,1,1
12,"04016","12184",104501,104501,1,1
12,"04017","12185",117082,117082,1,1
12,"04018","12185",102653,102653,1,1
12,"04019","12185",120654,120654,1,1
12,"04020","12185",27266,106855,.2551682,0
13,"00100","13010",129489,129489,1,1
13,"00200","13010",120031,164135,.7312943,1
13,"00300","13020",0,161774,0,0
13,"00400","13020",0,124728,0,0
13,"00500","13020",153444,153444,1,1
13,"00600","13030",139277,139277,1,1
13,"00700","13040",157697,157697,1,1
13,"00800","13030",137389,137389,1,1
13,"00900","13090",106831,106831,1,1
13,"01000","13140",83374,110971,.7513134,1
13,"01101","13080",112940,112940,1,1
13,"01102","13080",178889,178889,1,1
13,"01103","13080",107185,107185,1,1
13,"01104","13080",104024,104024,1,1
13,"01105","13080",106368,106368,1,1
13,"01106","13080",103547,103547,1,1
13,"01107","13080",103053,103053,1,1
13,"01201","13070",112100,112100,1,1
13,"01202","13070",129097,129097,1,1
13,"01203","13070",104195,104195,1,1
13,"01204","13070",108004,108004,1,1
13,"01205","13070",102456,102456,1,1
13,"01206","13070",110013,110013,1,1
13,"01301","13050",112650,112650,1,1
13,"01302","13050",115072,115072,1,1
13,"01303","13050",105222,105222,1,1
13,"01304","13050",106916,106916,1,1
13,"01305","13050",167891,167891,1,1
13,"01401","13090",123603,123603,1,1
13,"01402","13090",112914,112914,1,1
13,"01501","13060",111742,111742,1,1
13,"01502","13060",131284,131284,1,1
13,"01503","13060",103717,103717,1,1
13,"01504","13060",121758,121758,1,1
13,"01505","13060",119947,119947,1,1
13,"01600","13090",132112,132112,1,1
13,"01700","13090",119341,119341,1,1
13,"01800","13040",179442,179442,1,1
13,"01900","13030",141903,141903,1,1
13,"02000","13040",238895,238895,1,1
13,"02100","13010",116255,179852,.6463926,1
13,"02200","13100",12635,100533,.1256801,0
13,"02300","13100",199775,199775,1,1
13,"02400","13100",110519,110519,1,1
13,"02500","13120",22243,109027,.2040137,0
13,"02600","13110",11426,138592,.0824434,0
13,"02700","13110",153887,153887,1,1
13,"02800","13110",144994,168662,.859672,1
13,"02900","13140",57241,122518,.4672048,0
13,"03000","13140",186291,186291,1,1
13,"03100","13140",22026,117792,.1869906,0
13,"03200","13120",0,108166,0,0
13,"03300","13120",0,155028,0,0
13,"03400","13130",131510,131510,1,1
13,"03500","13130",100538,100538,1,1
13,"03600","13130",143713,143713,1,1
13,"03700","13130",67568,111232,.6074511,1
13,"03800","13120",14629,138033,.1059819,0
13,"03900","13150",7241,114573,.0631999,0
13,"04000","13150",120822,120822,1,1
13,"04100","13150",37011,140668,.2631089,0
13,"04200","13150",0,110388,0,0
13,"04300","13150",112319,112319,1,1
15,"00100","15101",0,186704,0,0
15,"00200","15101",0,148677,0,0
15,"00301","15101",113560,113560,1,1
15,"00302","15102",117994,117994,1,1
15,"00303","15102",102724,102724,1,1
15,"00304","15102",109509,109509,1,1
15,"00305","15102",109354,109354,1,1
15,"00306","15102",144481,144481,1,1
15,"00307","15101",178534,178534,1,1
16,"00100","16100",108685,178333,.6094497,1
16,"00200","16100",37410,100533,.3721166,0
16,"00300","16100",101677,163031,.6236666,1
16,"00400","16200",32495,103307,.3145479,0
16,"00500","16300",131441,131441,1,1
16,"00600","16300",185787,185787,1,1
16,"00700","16300",115117,115117,1,1
16,"00800","16200",0,162397,0,0
16,"00900","16200",94432,154007,.6131669,1
17,"00101","17010",7282,106898,.068121,0
17,"00102","17010",101661,101661,1,1
17,"00103","17010",108408,108408,1,1
17,"00200","17010",0,118232,0,0
17,"00300","17020",0,115838,0,0
17,"00400","17020",54103,124712,.4338235,0
17,"00500","17020",17633,104351,.1689778,0
17,"00600","17020",0,104075,0,0
17,"00700","17020",0,110889,0,0
17,"00800","17030",0,149561,0,0
17,"00900","17030",0,183020,0,0
17,"01000","17030",0,130777,0,0
17,"01101","17040",181480,181480,1,1
17,"01102","17040",137756,137756,1,1
17,"01201","17040",122336,122336,1,1
17,"01202","17040",158273,158273,1,1
17,"01300","17050",111454,111454,1,1
17,"01400","17050",89983,121166,.7426423,1
17,"01500","17050",114706,114706,1,1
17,"01600","17050",16365,105715,.154803,0
17,"01700","17060",112936,112936,1,1
17,"01800","17060",105966,105966,1,1
17,"01900","17060",128485,128485,1,1
17,"02000","17060",150433,150433,1,1
17,"02100","17070",179669,179669,1,1
17,"02200","17070",98160,169172,.5802379,1
17,"02300","17070",103833,103833,1,1
17,"02400","17070",0,111509,0,0
17,"02500","17070",19512,116937,.1668591,0
17,"02600","17080",88969,125031,.7115755,1
17,"02700","17080",0,100011,0,0
17,"02800","17080",150115,150115,1,1
17,"02900","17080",170089,170089,1,1
17,"03001","17090",105693,105693,1,1
17,"03002","17090",113751,113751,1,1
17,"03003","17090",143591,143591,1,1
17,"03004","17090",109171,109171,1,1
17,"03005","17090",115553,115553,1,1
17,"03006","17090",130981,130981,1,1
17,"03101","17100",121487,121487,1,1
17,"03102","17100",114467,114467,1,1
17,"03103","17100",142062,142062,1,1
17,"03104","17100",161785,161785,1,1
17,"03201","17201",194667,194667,1,1
17,"03202","17201",118616,118616,1,1
17,"03203","17201",117604,117604,1,1
17,"03204","17202",148110,148110,1,1
17,"03205","17202",124553,124553,1,1
17,"03206","17202",200611,200611,1,1
17,"03301","17300",109714,109714,1,1
17,"03302","17300",133084,133084,1,1
17,"03303","17300",191558,191558,1,1
17,"03304","17300",104957,104957,1,1
17,"03305","17300",105043,105043,1,1
17,"03401","17401",124847,124847,1,1
17,"03402","17401",217585,217585,1,1
17,"03403","17401",252722,252722,1,1
17,"03404","17402",220200,220200,1,1
17,"03405","17402",233593,233593,1,1
17,"03406","17403",119164,119164,1,1
17,"03407","17403",183170,183170,1,1
17,"03408","17403",192156,192156,1,1
17,"03409","17404",147937,147937,1,1
17,"03410","17404",162526,162526,1,1
17,"03411","17404",174613,174613,1,1
17,"03412","17405",109887,109887,1,1
17,"03413","17405",180802,180802,1,1
17,"03414","17405",161525,161525,1,1
17,"03501","17501",189233,189233,1,1
17,"03502","17501",159137,159137,1,1
17,"03503","17501",149668,149668,1,1
17,"03504","17502",152977,152977,1,1
17,"03505","17502",128905,128905,1,1
17,"03506","17502",156130,156130,1,1
17,"03507","17502",117527,117527,1,1
17,"03508","17503",151504,151504,1,1
17,"03509","17503",240141,240141,1,1
17,"03510","17503",145127,145127,1,1
17,"03511","17503",135102,135102,1,1
17,"03512","17504",170965,170965,1,1
17,"03513","17504",204193,204193,1,1
17,"03514","17504",126435,126435,1,1
17,"03515","17504",175683,175683,1,1
17,"03516","17505",171275,171275,1,1
17,"03517","17505",105622,105622,1,1
17,"03518","17505",108102,108102,1,1
17,"03519","17505",108288,108288,1,1
18,"00100","18010",102746,102746,1,1
18,"00201","18010",120599,120599,1,1
18,"00202","18010",159881,159881,1,1
18,"00203","18010",101338,101338,1,1
18,"00300","18020",146798,146798,1,1
18,"00400","18020",110106,110106,1,1
18,"00500","18020",107789,107789,1,1
18,"00600","18020",157770,157770,1,1
18,"00700","18030",182791,182791,1,1
18,"00800","18030",0,154683,0,0
18,"00900","18040",205727,205727,1,1
18,"01000","18040",126122,126122,1,1
18,"01100","18040",58307,130007,.4484912,0
18,"01200","18030",0,119185,0,0
18,"01300","18050",44609,102431,.4355029,0
18,"01400","18050",29586,118855,.2489252,0
18,"01500","18050",0,111972,0,0
18,"01600","18060",0,109257,0,0
18,"01700","18060",101541,101541,1,1
18,"01800","18050",148955,182821,.8147587,1
18,"01901","18070",118791,118791,1,1
18,"01902","18070",110056,110056,1,1
18,"02001","18070",129797,129797,1,1
18,"02002","18070",102397,102397,1,1
18,"02100","18060",118769,118769,1,1
18,"02200","18060",0,147006,0,0
18,"02301","18091",111961,111961,1,1
18,"02302","18091",102324,102324,1,1
18,"02303","18092",102068,102068,1,1
18,"02304","18092",133461,133461,1,1
18,"02305","18092",167055,167055,1,1
18,"02306","18091",126021,126021,1,1
18,"02307","18091",117564,117564,1,1
18,"02400","18080",115209,115209,1,1
18,"02500","18080",170782,170782,1,1
18,"02600","18100",90962,108203,.8406606,1
18,"02700","18100",149192,149192,1,1
18,"02800","18100",21751,101196,.2149393,0
18,"02900","18080",120563,120563,1,1
18,"03000","18110",86392,127727,.6763801,1
18,"03100","18110",22151,125458,.1765611,0
18,"03200","18110",51732,119025,.4346314,0
18,"03300","18110",96472,119432,.8077567,1
18,"03400","18110",105148,105148,1,1
18,"03500","18110",27223,103194,.2638041,0
18,"03600","18100",32500,124301,.2614621,0
18,"03700","18100",121582,121582,1,1
18,"03800","18100",129784,129784,1,1
19,"00100","19100",0,140838,0,0
19,"00200","19100",0,133820,0,0
19,"00300","19100",35694,171790,.2077769,0
19,"00400","19100",128012,128012,1,1
19,"00500","19200",89143,196179,.4543962,0
19,"00600","19200",66199,176911,.3741938,0
19,"00700","19200",111006,111006,1,1
19,"00800","19200",191701,191701,1,1
19,"00900","19300",0,101165,0,0
19,"01000","19300",11353,134182,.084609,0
19,"01100","19300",103877,103877,1,1
19,"01200","19300",117917,182531,.6460108,1
19,"01300","19400",0,195489,0,0
19,"01400","19500",198682,198682,1,1
19,"01500","19500",175919,175919,1,1
19,"01600","19500",120731,146955,.8215508,1
19,"01700","19500",54690,123955,.4412085,0
19,"01800","19400",0,154644,0,0
19,"01900","19400",158668,158668,1,1
20,"00100","20100",0,102988,0,0
20,"00200","20100",0,103172,0,0
20,"00300","20200",0,154234,0,0
20,"00400","20300",108023,146238,.7386794,1
20,"00500","20300",157882,157882,1,1
20,"00601","20400",133721,133721,1,1
20,"00602","20400",105310,105310,1,1
20,"00603","20400",109615,109615,1,1
20,"00604","20400",102440,102440,1,1
20,"00700","20300",128313,128313,1,1
20,"00800","20300",169871,169871,1,1
20,"00900","20200",48381,117245,.4126487,0
20,"01000","20100",0,105105,0,0
20,"01100","20100",25946,108581,.2389552,0
20,"01200","20100",0,156077,0,0
20,"01300","20500",200110,200110,1,1
20,"01401","20500",109857,109857,1,1
20,"01402","20500",110569,110569,1,1
20,"01403","20500",124684,124684,1,1
20,"01500","20200",9570,105475,.0907324,0
20,"01600","20200",0,136931,0,0
21,"00100","21100",0,193495,0,0
21,"00200","21100",0,110606,0,0
21,"00300","21200",84862,104913,.8088797,1
21,"00400","21200",92522,148510,.6230018,1
21,"00500","21200",11644,106715,.1091131,0
21,"00600","21200",0,193452,0,0
21,"00700","21300",0,107348,0,0
21,"00800","21300",0,130922,0,0
21,"00900","21300",0,120656,0,0
21,"01000","21300",0,160532,0,0
21,"01100","21500",33144,170713,.1941504,0
21,"01200","21500",62249,129874,.479303,0
21,"01300","21600",50850,122679,.4144964,0
21,"01400","21600",120523,120523,1,1
21,"01500","21100",67341,105894,.6359284,1
21,"01600","21100",101483,101483,1,1
21,"01701","21700",145037,145037,1,1
21,"01702","21700",102954,102954,1,1
21,"01703","21700",198417,198417,1,1
21,"01704","21700",104961,104961,1,1
21,"01705","21700",142235,142235,1,1
21,"01800","21600",175702,175702,1,1
21,"01901","21500",111828,111828,1,1
21,"01902","21500",148684,148684,1,1
21,"02000","21500",52421,124904,.4196903,0
21,"02100","21400",8279,131466,.0629745,0
21,"02200","21300",86643,135849,.637789,1
21,"02300","21400",103006,103006,1,1
21,"02400","21400",151464,151464,1,1
21,"02500","21400",116245,136947,.848832,1
22,"00101","22100",137078,137078,1,1
22,"00102","22100",115083,115083,1,1
22,"00200","22100",98310,140141,.7015077,1
22,"00300","22100",25494,172767,.1475629,0
22,"00400","22200",147250,147250,1,1
22,"00500","22200",22803,164106,.1389529,0
22,"00600","22200",18698,122522,.1526093,0
22,"00700","22300",126337,126337,1,1
22,"00800","22300",9991,152383,.0655651,0
22,"00900","22300",183577,183577,1,1
22,"01000","22400",110257,110257,1,1
22,"01100","22400",80246,139107,.5768653,1
22,"01200","22400",0,123134,0,0
22,"01300","22500",103079,103079,1,1
22,"01401","22600",102496,102496,1,1
22,"01402","22600",104139,104139,1,1
22,"01501","22600",105183,105183,1,1
22,"01502","22600",122635,122635,1,1
22,"01600","22600",168441,168441,1,1
22,"01700","22701",0,100588,0,0
22,"01801","22800",115878,115878,1,1
22,"01802","22800",107802,107802,1,1
22,"01803","22800",138125,138125,1,1
22,"01804","22800",122869,122869,1,1
22,"01901","22702",141746,141746,1,1
22,"01902","22702",102612,102612,1,1
22,"01903","22702",101690,101690,1,1
22,"01904","22702",102831,102831,1,1
22,"01905","22701",100573,100573,1,1
22,"02001","22701",89448,133374,.6706554,1
22,"02002","22701",101820,101820,1,1
22,"02100","22500",89974,113362,.7936875,1
22,"02200","22500",104503,104503,1,1
22,"02300","22400",48583,102083,.4759167,0
22,"02400","22701",91116,112332,.8111313,1
22,"02500","22500",0,127073,0,0
23,"00100","23100",179581,179581,1,1
23,"00200","23100",103715,103715,1,1
23,"00300","23100",136353,136353,1,1
23,"00400","23100",67919,101535,.6689221,1
23,"00500","23200",0,124087,0,0
23,"00600","23100",0,117114,0,0
23,"00700","23100",103793,103793,1,1
23,"00800","23200",0,135110,0,0
23,"00900","23200",144919,165756,.8742911,1
23,"01000","23200",0,107879,0,0
24,"00100","24100",74930,104776,.7151447,1
24,"00200","24100",131923,131923,1,1
24,"00300","24100",195277,195277,1,1
24,"00400","24201",150897,150897,1,1
24,"00501","24201",109970,109970,1,1
24,"00502","24202",106098,106098,1,1
24,"00503","24202",108804,108804,1,1
24,"00504","24202",109029,109029,1,1
24,"00505","24202",101132,101132,1,1
24,"00506","24202",111596,111596,1,1
24,"00507","24202",107663,107663,1,1
24,"00601","24201",118227,118227,1,1
24,"00602","24201",100363,100363,1,1
24,"00700","24401",85951,105148,.8174288,1
24,"00801","24300",101737,101737,1,1
24,"00802","24300",103215,103215,1,1
24,"00803","24300",109058,109058,1,1
24,"00804","24300",136085,136085,1,1
24,"00805","24300",100631,100631,1,1
24,"00806","24300",100428,100428,1,1
24,"00901","24402",110187,110187,1,1
24,"00902","24402",137655,137655,1,1
24,"01001","24501",103090,103090,1,1
24,"01002","24502",114454,114454,1,1
24,"01003","24502",153276,153276,1,1
24,"01004","24502",167708,167708,1,1
24,"01005","24501",123676,123676,1,1
24,"01006","24501",107049,107049,1,1
24,"01007","24501",104088,104088,1,1
24,"01101","24404",103811,103811,1,1
24,"01102","24404",117042,117042,1,1
24,"01103","24404",101990,101990,1,1
24,"01104","24404",100992,100992,1,1
24,"01105","24404",138755,138755,1,1
24,"01106","24403",133467,133467,1,1
24,"01107","24404",105458,105458,1,1
24,"01201","24402",128129,128129,1,1
24,"01202","24402",107469,107469,1,1
24,"01203","24401",128396,128396,1,1
24,"01204","24403",125662,125662,1,1
24,"01300","24401",40563,134821,.3008656,0
24,"01400","24401",109391,155934,.7015212,1
24,"01500","24403",74563,160774,.4637752,0
24,"01600","24403",120546,120546,1,1
25,"00100","25010",119401,119401,1,1
25,"00200","25010",118963,118963,1,1
25,"00300","25010",142284,142284,1,1
25,"00400","25020",103017,103017,1,1
25,"00500","25030",185605,185605,1,1
25,"00600","25030",105167,105167,1,1
25,"00700","25030",147079,147079,1,1
25,"00800","25030",117794,117794,1,1
25,"00900","25040",107977,107977,1,1
25,"01000","25040",111523,111523,1,1
25,"01100","25040",120286,120286,1,1
25,"01200","25040",118760,118760,1,1
25,"01300","25050",106588,106588,1,1
25,"01400","25020",108062,108062,1,1
25,"01500","25060",106643,106643,1,1
25,"01600","25010",101426,101426,1,1
25,"01700","25070",110485,110485,1,1
25,"01800","25070",114822,114822,1,1
25,"01900","25070",152082,152082,1,1
25,"02000","25070",113117,113117,1,1
25,"02100","25060",119894,119894,1,1
25,"02200","25060",113178,113178,1,1
25,"02300","25060",172648,172648,1,1
25,"02400","25020",103393,103393,1,1
25,"02500","25020",103280,103280,1,1
25,"02600","25100",104071,104071,1,1
25,"02700","25050",189150,189150,1,1
25,"02800","25050",107421,107421,1,1
25,"02900","25080",100666,100666,1,1
25,"03000","25080",112105,112105,1,1
25,"03100","25080",115515,115515,1,1
25,"03200","25080",101355,101355,1,1
25,"03301","25090",105352,105352,1,1
25,"03302","25090",129578,129578,1,1
25,"03303","25090",121523,121523,1,1
25,"03304","25090",110606,110606,1,1
25,"03305","25090",122082,122082,1,1
25,"03400","25100",140936,140936,1,1
25,"03500","25100",105669,105669,1,1
25,"03600","25020",102078,102078,1,1
25,"03700","25110",123500,123500,1,1
25,"03800","25100",114087,114087,1,1
25,"03900","25120",150643,150643,1,1
25,"04000","25110",113352,113352,1,1
25,"04100","25110",142107,142107,1,1
25,"04200","25110",108350,108350,1,1
25,"04300","25130",108709,108709,1,1
25,"04400","25130",124355,124355,1,1
25,"04500","25130",175198,175198,1,1
25,"04600","25120",150478,150478,1,1
25,"04700","25120",78067,102574,.7610798,1
25,"04800","25120",144163,144163,1,1
26,"00100","26010",0,104115,0,0
26,"00200","26010",0,108568,0,0
26,"00300","26010",0,104933,0,0
26,"00400","26010",0,142170,0,0
26,"00500","26020",0,141199,0,0
26,"00600","26020",0,117745,0,0
26,"00700","26040",0,138892,0,0
26,"00800","26020",110157,193031,.57067,1
26,"00900","26040",210039,210039,1,1
26,"01000","26030",0,136888,0,0
26,"01100","26030",47874,178104,.268798,0
26,"01200","26051",170200,170200,1,1
26,"01300","26052",197800,197800,1,1
26,"01401","26052",137858,137858,1,1
26,"01402","26052",106419,106419,1,1
26,"01403","26051",132258,132258,1,1
26,"01500","26051",238314,238314,1,1
26,"01600","26030",0,139298,0,0
26,"01700","26060",56755,162420,.3494336,0
26,"01800","26100",119128,119128,1,1
26,"01900","26100",164999,164999,1,1
26,"02000","26060",163601,163601,1,1
26,"02100","26060",61518,122784,.5010262,1
26,"02200","26070",124954,124954,1,1
26,"02301","26070",115033,115033,1,1
26,"02302","26070",196154,267841,.7323524,1
26,"02400","26080",162453,162453,1,1
26,"02501","26131",153041,153041,1,1
26,"02502","26131",189407,189407,1,1
26,"02503","26131",163075,163075,1,1
26,"02504","26134",159595,159595,1,1
26,"02505","26134",149494,149494,1,1
26,"02506","26134",175066,175066,1,1
26,"02507","26133",100583,100583,1,1
26,"02508","26133",103895,103895,1,1
26,"02601","26080",126509,126509,1,1
26,"02602","26080",188357,188357,1,1
26,"02700","26090",51104,159313,.3207773,0
26,"02800","26090",137985,137985,1,1
26,"02900","26090",158422,158422,1,1
26,"03000","26110",0,145417,0,0
26,"03100","26121",145945,145945,1,1
26,"03200","26110",114024,114024,1,1
26,"03300","26110",208871,208871,1,1
26,"03400","26100",156951,156951,1,1
26,"03500","26040",252139,252139,1,1
26,"03600","26122",100545,100545,1,1
26,"03701","26124",135164,135164,1,1
26,"03702","26124",109229,109229,1,1
26,"03703","26124",110661,110661,1,1
26,"03704","26124",123014,123014,1,1
26,"03705","26123",114180,114180,1,1
26,"03706","26124",117061,117061,1,1
26,"03707","26124",104526,104526,1,1
26,"03708","26123",137435,137435,1,1
26,"03801","26124",101676,101676,1,1
26,"03802","26123",207661,207661,1,1
26,"03803","26122",164885,164885,1,1
26,"03804","26121",114440,114440,1,1
26,"03805","26121",125599,125599,1,1
26,"03806","26122",165815,165815,1,1
26,"03807","26121",129271,129271,1,1
26,"03900","26132",124471,124471,1,1
26,"04000","26133",138247,138247,1,1
26,"04101","26133",153913,153913,1,1
26,"04102","26132",152716,152716,1,1
26,"04103","26132",105960,105960,1,1
26,"04104","26132",112842,112842,1,1
27,"00100","27100",82598,139701,.5912485,1
27,"00200","27200",0,106161,0,0
27,"00300","27200",0,101723,0,0
27,"00400","27200",200528,200528,1,1
27,"00500","27300",31671,165927,.1908731,0
27,"00600","27300",0,102672,0,0
27,"00700","27100",0,113785,0,0
27,"00800","27300",167392,167392,1,1
27,"00900","27400",226791,226791,1,1
27,"01001","27500",164999,164999,1,1
27,"01002","27500",133085,133085,1,1
27,"01100","27600",159703,159703,1,1
27,"01201","27600",145567,145567,1,1
27,"01202","27600",105747,105747,1,1
27,"01203","27600",104590,104590,1,1
27,"01301","27720",133155,133155,1,1
27,"01302","27720",124081,124081,1,1
27,"01303","27720",125382,125382,1,1
27,"01401","27710",105079,105079,1,1
27,"01402","27710",186407,186407,1,1
27,"01403","27710",107147,107147,1,1
27,"01404","27710",106200,106200,1,1
27,"01405","27710",108696,108696,1,1
27,"01406","27720",120053,120053,1,1
27,"01501","27800",165028,165028,1,1
27,"01502","27800",122123,122123,1,1
27,"01601","27800",101057,101057,1,1
27,"01602","27800",122827,122827,1,1
27,"01700","27500",201130,201130,1,1
27,"01800","27400",0,131255,0,0
27,"01900","27100",0,107815,0,0
27,"02000","27900",0,105238,0,0
27,"02100","27400",0,126218,0,0
27,"02200","27900",41328,112435,.3675724,0
27,"02300","27900",124277,124277,1,1
27,"02400","27900",17731,122598,.1446272,0
27,"02500","27100",0,122907,0,0
28,"00100","28100",107199,107199,1,1
28,"00200","28100",34993,102589,.3410989,0
28,"00300","28100",0,102047,0,0
28,"00400","28100",0,127843,0,0
28,"00500","28200",34597,109610,.3156373,0
28,"00600","28200",0,103610,0,0
28,"00700","28200",0,109194,0,0
28,"00800","28300",0,103285,0,0
28,"00900","28300",0,104481,0,0
28,"01000","28300",0,112148,0,0
28,"01100","28300",0,128407,0,0
28,"01200","28300",0,112378,0,0
28,"01300","28400",115327,115327,1,1
28,"01400","28400",183723,183723,1,1
28,"01500","28400",141751,141751,1,1
28,"01600","28200",0,108256,0,0
28,"01700","28500",56396,157760,.3574797,0
28,"01800","28500",12138,111611,.1087527,0
28,"01900","28600",111674,111674,1,1
28,"02000","28500",0,146390,0,0
28,"02100","28600",75733,124354,.6090114,1
28,"02200","28600",189601,189601,1,1
28,"02300","28600",131420,131420,1,1
29,"00100","29100",20566,109115,.18848,0
29,"00200","29100",102490,102490,1,1
29,"00300","29100",0,105158,0,0
29,"00400","29100",0,102376,0,0
29,"00500","29200",137202,179725,.7633997,1
29,"00600","29200",135454,135454,1,1
29,"00700","29200",0,130140,0,0
29,"00800","29300",158131,158131,1,1
29,"00901","29300",180150,180150,1,1
29,"00902","29300",176938,176938,1,1
29,"01001","29400",118635,118635,1,1
29,"01002","29400",105662,105662,1,1
29,"01003","29400",114495,114495,1,1
29,"01004","29400",102753,102753,1,1
29,"01100","29300",113288,113288,1,1
29,"01200","29500",59306,163803,.3620569,0
29,"01300","29500",0,153602,0,0
29,"01400","29500",36406,138207,.2634165,0
29,"01500","29600",157276,157276,1,1
29,"01601","29600",142422,142422,1,1
29,"01602","29600",141461,141461,1,1
29,"01701","29702",130072,130072,1,1
29,"01702","29702",135192,135192,1,1
29,"01703","29702",118417,118417,1,1
29,"01704","29701",108842,108842,1,1
29,"01705","29701",119318,119318,1,1
29,"01706","29701",114732,114732,1,1
29,"01707","29701",160962,160962,1,1
29,"01708","29701",128780,128780,1,1
29,"01801","29702",111779,111779,1,1
29,"01802","29702",100814,100814,1,1
29,"01803","29702",135596,135596,1,1
29,"01900","29600",198099,198099,1,1
29,"02000","29800",0,194834,0,0
29,"02100","29800",0,126811,0,0
29,"02200","29800",0,109970,0,0
29,"02300","29800",0,119490,0,0
29,"02400","29900",174145,174145,1,1
29,"02500","29900",151576,151576,1,1
29,"02600","29900",21681,167179,.1296873,0
29,"02700","29900",157322,157322,1,1
30,"00100","30100",0,130042,0,0
30,"00200","30200",80357,145879,.5508469,1
30,"00300","30200",9552,135473,.0705085,0
30,"00400","30200",129352,129352,1,1
30,"00500","30100",0,101510,0,0
30,"00600","30100",0,124183,0,0
30,"00700","30100",95802,135756,.7056926,1
31,"00100","31100",0,116811,0,0
31,"00200","31201",26592,189987,.1399675,0
31,"00300","31100",0,104263,0,0
31,"00400","31100",0,107635,0,0
31,"00500","31100",0,113556,0,0
31,"00600","31201",16496,143436,.115006,0
31,"00701","31201",64705,100865,.641501,1
31,"00702","31202",120834,120834,1,1
31,"00801","31201",138439,138439,1,1
31,"00802","31201",111852,111852,1,1
31,"00901","31202",128997,128997,1,1
31,"00902","31202",118996,118996,1,1
31,"00903","31202",106720,106720,1,1
31,"00904","31202",108872,108872,1,1
32,"00100","32100",159006,159006,1,1
32,"00200","32100",180480,180480,1,1
32,"00300","32100",0,151390,0,0
32,"00400","32100",55856,131616,.4243861,0
32,"00501","32201",110470,110470,1,1
32,"00502","32202",102681,102681,1,1
32,"00503","32202",113878,113878,1,1
32,"00504","32202",140052,140052,1,1
32,"00505","32202",115608,115608,1,1
32,"00506","32203",109653,109653,1,1
32,"00507","32203",110870,110870,1,1
32,"00508","32203",135478,135478,1,1
32,"00509","32203",137362,137362,1,1
32,"00510","32201",121992,121992,1,1
32,"00511","32201",177721,177721,1,1
33,"00100","33100",0,114854,0,0
33,"00200","33100",0,112944,0,0
33,"00300","33200",112233,112233,1,1
33,"00400","33100",0,123272,0,0
33,"00500","33100",0,114283,0,0
33,"00600","33100",110825,110825,1,1
33,"00700","33200",107851,107851,1,1
33,"00800","33200",107006,107006,1,1
33,"00900","33200",116893,116893,1,1
33,"01000","33200",102320,102320,1,1
33,"01100","33200",113305,113305,1,1
34,"00101","34011",114098,114098,1,1
34,"00102","34011",138454,138454,1,1
34,"00200","34011",102326,102326,1,1
34,"00301","34101",116389,116389,1,1
34,"00302","34101",114017,114017,1,1
34,"00303","34102",129090,129090,1,1
34,"00304","34101",196856,196856,1,1
34,"00305","34102",178406,178406,1,1
34,"00306","34102",149360,149360,1,1
34,"00400","34110",149222,149222,1,1
34,"00501","34110",146533,146533,1,1
34,"00502","34110",193294,193294,1,1
34,"00601","34070",125006,125006,1,1
34,"00602","34070",115049,115049,1,1
34,"00701","34070",130598,130598,1,1
34,"00702","34070",119166,119166,1,1
34,"00703","34070",119156,119156,1,1
34,"00800","34050",121989,121989,1,1
34,"00901","34041",152475,152475,1,1
34,"00902","34042",166541,166541,1,1
34,"00903","34041",133594,133594,1,1
34,"00904","34041",132337,132337,1,1
34,"00905","34041",165215,165215,1,1
34,"01001","34050",143238,143238,1,1
34,"01002","34050",154252,154252,1,1
34,"01101","34030",115100,115100,1,1
34,"01102","34030",144257,144257,1,1
34,"01103","34030",122039,122039,1,1
34,"01104","34030",124816,124816,1,1
34,"01105","34030",109089,109089,1,1
34,"01201","34020",190598,190598,1,1
34,"01202","34020",157566,157566,1,1
34,"01203","34020",162752,162752,1,1
34,"01301","34060",147927,147927,1,1
34,"01302","34060",125619,125619,1,1
34,"01401","34060",118244,118244,1,1
34,"01402","34060",119656,119656,1,1
34,"01403","34060",132916,132916,1,1
34,"01404","34060",149271,149271,1,1
34,"01501","34090",122601,122601,1,1
34,"01502","34090",122397,122397,1,1
34,"01503","34090",110850,110850,1,1
34,"01504","34090",114364,114364,1,1
34,"01600","34090",144166,144166,1,1
34,"01700","34090",102437,102437,1,1
34,"01800","34080",120568,120568,1,1
34,"01901","34080",157776,157776,1,1
34,"01902","34080",120017,120017,1,1
34,"01903","34080",124180,124180,1,1
34,"02001","34120",115301,115301,1,1
34,"02002","34120",147018,147018,1,1
34,"02003","34120",161075,161075,1,1
34,"02101","34012",129479,129479,1,1
34,"02102","34012",121773,121773,1,1
34,"02103","34012",141670,141670,1,1
34,"02104","34012",116010,116010,1,1
34,"02201","34012",122722,122722,1,1
34,"02202","34011",196236,196236,1,1
34,"02301","34042",201671,201671,1,1
34,"02302","34042",149090,149090,1,1
34,"02400","34011",146438,146438,1,1
35,"00100","35100",113801,113801,1,1
35,"00200","35100",0,111155,0,0
35,"00300","35100",0,114041,0,0
35,"00400","35200",129292,147635,.8757544,1
35,"00500","35200",156060,156060,1,1
35,"00601","35300",146456,146456,1,1
35,"00602","35300",100005,100005,1,1
35,"00603","35300",103234,103234,1,1
35,"00604","35300",102444,102444,1,1
35,"00605","35300",104539,104539,1,1
35,"00700","35200",0,100393,0,0
35,"00800","35100",16911,113752,.1486655,0
35,"00900","35400",174682,174682,1,1
35,"01000","35400",0,123680,0,0
35,"01100","35400",0,107169,0,0
36,"00100","36010",0,111931,0,0
36,"00200","36010",0,175258,0,0
36,"00300","36021",124345,124345,1,1
36,"00401","36021",152644,152644,1,1
36,"00402","36021",147252,147252,1,1
36,"00500","36010",0,138682,0,0
36,"00600","36030",122377,122377,1,1
36,"00700","36030",147306,147306,1,1
36,"00801","36030",100878,100878,1,1
36,"00802","36030",124401,124401,1,1
36,"00803","36030",134303,134303,1,1
36,"00804","36030",20889,102852,.2030977,0
36,"00901","36042",105203,105203,1,1
36,"00902","36042",114570,114570,1,1
36,"01001","36042",118511,118511,1,1
36,"01002","36042",123403,123403,1,1
36,"01003","36041",100179,100179,1,1
36,"01004","36041",166548,166548,1,1
36,"01005","36041",100694,100694,1,1
36,"01100","36041",100224,100224,1,1
36,"01200","36041",64328,107752,.5970005,1
36,"01300","36041",44171,104541,.4225232,0
36,"01401","36052",182705,182705,1,1
36,"01402","36052",109943,109943,1,1
36,"01501","36051",107927,107927,1,1
36,"01502","36052",111919,111919,1,1
36,"01601","36052",112912,112912,1,1
36,"01602","36051",116510,116510,1,1
36,"01603","36051",101039,101039,1,1
36,"01604","36051",159003,159003,1,1
36,"01605","36051",168153,168153,1,1
36,"01700","36070",96501,129843,.7432129,1
36,"01800","36070",0,100000,0,0
36,"01900","36081",31582,141313,.2234897,0
36,"02000","36021",0,104781,0,0
36,"02100","36022",146555,146555,1,1
36,"02201","36021",100247,100247,1,1
36,"02202","36022",100388,100388,1,1
36,"02300","36022",152538,152538,1,1
36,"02401","36022",104291,104291,1,1
36,"02402","36022",190274,190274,1,1
36,"02500","36081",0,111289,0,0
36,"02601","36070",125897,125897,1,1
36,"02602","36070",126423,126423,1,1
36,"02700","36060",91070,110294,.8257022,1
36,"02800","36060",0,123347,0,0
36,"02900","36060",0,133882,0,0
36,"03000","36060",0,139750,0,0
36,"03101","36081",28445,102411,.2777534,0
36,"03102","36083",149304,149304,1,1
36,"03201","36082",121573,121573,1,1
36,"03202","36083",158577,158577,1,1
36,"03301","36083",111905,111905,1,1
36,"03302","36081",112518,112518,1,1
36,"03303","36084",116944,116944,1,1
36,"03400","36085",196086,196086,1,1
36,"03501","36082",127008,127008,1,1
36,"03502","36082",140663,140663,1,1
36,"03503","36085",157664,157664,1,1
36,"03504","36085",111956,111956,1,1
36,"03505","36085",183747,183747,1,1
36,"03506","36082",102080,102080,1,1
36,"03601","36084",129793,129793,1,1
36,"03602","36084",156960,156960,1,1
36,"03701","36091",108492,108492,1,1
36,"03702","36091",136494,136494,1,1
36,"03703","36091",111661,111661,1,1
36,"03704","36091",119960,119960,1,1
36,"03705","36092",141685,141685,1,1
36,"03706","36092",129363,129363,1,1
36,"03707","36092",133890,133890,1,1
36,"03708","36092",132445,132445,1,1
36,"03709","36091",175432,175432,1,1
36,"03710","36092",143228,143228,1,1
36,"03801","36101",216234,216234,1,1
36,"03802","36101",129533,129533,1,1
36,"03803","36101",109091,109091,1,1
36,"03804","36101",115433,115433,1,1
36,"03805","36103",217063,217063,1,1
36,"03806","36102",192213,192213,1,1
36,"03807","36102",122241,122241,1,1
36,"03808","36103",143441,143441,1,1
36,"03809","36103",166379,166379,1,1
36,"03810","36102",125567,125567,1,1
36,"03901","36130",152942,152942,1,1
36,"03902","36130",128177,128177,1,1
36,"03903","36130",162609,162609,1,1
36,"04001","36121",142098,142098,1,1
36,"04002","36121",120710,120710,1,1
36,"04003","36121",121054,121054,1,1
36,"04004","36122",115106,115106,1,1
36,"04005","36122",105555,105555,1,1
36,"04006","36123",123117,123117,1,1
36,"04007","36121",116790,116790,1,1
36,"04008","36124",146857,146857,1,1
36,"04009","36124",194836,194836,1,1
36,"04010","36123",145263,145263,1,1
36,"04011","36123",112670,112670,1,1
36,"04012","36122",139269,139269,1,1
36,"04013","36122",119871,119871,1,1
36,"04014","36125",158548,158548,1,1
36,"04015","36123",166315,166315,1,1
36,"04016","36124",149351,149351,1,1
36,"04017","36125",171778,171778,1,1
36,"04018","36125",116138,116138,1,1
36,"04101","36111",192689,192689,1,1
36,"04102","36111",181370,181370,1,1
36,"04103","36112",243690,243690,1,1
36,"04104","36112",116749,116749,1,1
36,"04105","36113",196428,196428,1,1
36,"04106","36112",148712,148712,1,1
36,"04107","36111",142022,142022,1,1
36,"04108","36114",113422,113422,1,1
36,"04109","36111",130166,130166,1,1
36,"04110","36114",167201,167201,1,1
36,"04111","36114",143120,143120,1,1
36,"04112","36113",218993,218993,1,1
36,"04113","36114",128079,128079,1,1
36,"04114","36113",106738,106738,1,1
36,"04201","36141",110327,110327,1,1
36,"04202","36141",114185,114185,1,1
36,"04203","36141",104032,104032,1,1
36,"04204","36141",112284,112284,1,1
36,"04205","36143",112145,112145,1,1
36,"04206","36142",140215,140215,1,1
36,"04207","36142",115021,115021,1,1
36,"04208","36142",102330,102330,1,1
36,"04209","36142",105890,105890,1,1
36,"04210","36143",104950,104950,1,1
36,"04211","36143",106500,106500,1,1
36,"04212","36143",106665,106665,1,1
36,"04301","36151",195289,195289,1,1
36,"04302","36151",115715,115715,1,1
36,"04303","36151",110166,110166,1,1
36,"04304","36153",125442,125442,1,1
36,"04305","36153",116448,116448,1,1
36,"04306","36153",110886,110886,1,1
36,"04307","36153",106612,106612,1,1
36,"04308","36152",105363,105363,1,1
36,"04309","36152",115597,115597,1,1
36,"04310","36152",106387,106387,1,1
36,"04311","36152",101878,101878,1,1
36,"04312","36152",109586,109586,1,1
37,"00100","37010",54033,170999,.3159843,0
37,"00201","37010",120871,120871,1,1
37,"00202","37010",105094,105094,1,1
37,"00300","37010",89173,118507,.7524703,1
37,"00400","37020",0,219661,0,0
37,"00500","37010",0,117707,0,0
37,"00600","37010",0,147528,0,0
37,"00700","37020",141685,141685,1,1
37,"00800","37020",200166,200166,1,1
37,"00901","37040",100238,100238,1,1
37,"00902","37040",102718,102718,1,1
37,"00903","37040",103408,103408,1,1
37,"00904","37040",100665,100665,1,1
37,"00905","37040",133799,133799,1,1
37,"01000","37040",154626,154626,1,1
37,"01100","37030",190365,254145,.7490409,1
37,"01200","37030",0,130340,0,0
37,"01300","37030",131063,131063,1,1
37,"01400","37030",123677,123677,1,1
37,"01500","37030",0,122660,0,0
37,"01601","37060",104982,104982,1,1
37,"01602","37060",118909,118909,1,1
37,"01700","37060",197157,197157,1,1
37,"01800","37060",185776,185776,1,1
37,"01900","37060",120291,120291,1,1
37,"02000","37050",130454,130454,1,1
37,"02100","37050",115894,115894,1,1
37,"02200","37050",0,147246,0,0
37,"02300","37050",130800,130800,1,1
37,"02400","37080",127551,151052,.8444178,1
37,"02500","37070",25275,110197,.229362,0
37,"02601","37100",138841,138841,1,1
37,"02602","37100",137252,137252,1,1
37,"02701","37100",109366,109366,1,1
37,"02702","37100",123051,123051,1,1
37,"02703","37100",119336,119336,1,1
37,"02801","37080",113874,113874,1,1
37,"02802","37080",109440,109440,1,1
37,"02900","37080",167556,167556,1,1
37,"03000","37090",169225,169225,1,1
37,"03100","37090",0,140065,0,0
37,"03200","37110",0,109224,0,0
37,"03300","37090",0,111424,0,0
37,"03400","37130",143026,143026,1,1
37,"03500","37140",0,102057,0,0
37,"03600","37110",121015,121015,1,1
37,"03700","37110",181948,181948,1,1
37,"03800","37070",0,123339,0,0
37,"03900","37070",33646,190977,.1761783,0
37,"04000","37120",233450,233450,1,1
37,"04100","37120",41082,128109,.3206801,0
37,"04200","37120",150355,150355,1,1
37,"04300","37110",113329,113329,1,1
37,"04400","37130",18974,152436,.1244719,0
37,"04500","37140",0,161200,0,0
37,"04600","37130",133798,133798,1,1
37,"04700","37140",0,103258,0,0
37,"04800","37140",18190,150047,.1212287,0
38,"00100","38100",25303,109043,.2320461,0
38,"00200","38100",69416,194982,.3560123,0
38,"00300","38100",0,113504,0,0
38,"00400","38100",123138,123138,1,1
38,"00500","38100",66109,101533,.6511085,1
39,"00100","39010",0,107898,0,0
39,"00201","39020",157310,157310,1,1
39,"00202","39020",147274,147274,1,1
39,"00301","39020",101457,101457,1,1
39,"00302","39020",111238,111238,1,1
39,"00303","39020",100924,100924,1,1
39,"00400","39030",120536,182328,.6610943,1
39,"00501","39050",141250,141250,1,1
39,"00502","39050",143414,143414,1,1
39,"00601","39061",121180,121180,1,1
39,"00602","39061",129959,129959,1,1
39,"00603","39062",104941,104941,1,1
39,"00604","39061",119017,119017,1,1
39,"00605","39061",125623,125623,1,1
39,"00606","39062",102936,102936,1,1
39,"00607","39062",137949,137949,1,1
39,"00608","39062",133914,133914,1,1
39,"00609","39063",108325,108325,1,1
39,"00610","39063",106580,106580,1,1
39,"00611","39063",101344,101344,1,1
39,"00612","39063",102210,102210,1,1
39,"00701","39070",103415,103415,1,1
39,"00702","39070",105692,105692,1,1
39,"00703","39070",109299,109299,1,1
39,"00800","39070",0,102728,0,0
39,"00901","39080",137257,137257,1,1
39,"00902","39080",129429,129429,1,1
39,"00903","39080",105767,105767,1,1
39,"00904","39080",110218,110218,1,1
39,"01000","39090",152061,152061,1,1
39,"01101","39090",100779,100779,1,1
39,"01102","39090",118826,118826,1,1
39,"01103","39090",106220,106220,1,1
39,"01201","39090",110662,110662,1,1
39,"01202","39090",106412,106412,1,1
39,"01300","39050",151095,151095,1,1
39,"01400","39040",0,112010,0,0
39,"01500","39030",0,152886,0,0
39,"01600","39010",0,125602,0,0
39,"01700","39010",108473,155084,.6994467,1
39,"01800","39010",0,116840,0,0
39,"01900","39030",31628,144811,.2184088,0
39,"02000","39040",128852,128852,1,1
39,"02100","39040",0,111564,0,0
39,"02201","39100",137297,137297,1,1
39,"02202","39100",144560,144560,1,1
39,"02203","39100",125077,125077,1,1
39,"02300","39110",0,112075,0,0
39,"02400","39110",144120,144120,1,1
39,"02500","39110",0,147562,0,0
39,"02600","39040",0,130098,0,0
39,"02700","39130",109989,109989,1,1
39,"02800","39130",133849,133849,1,1
39,"02900","39150",42337,143556,.2949163,0
39,"03001","39150",102837,102837,1,1
39,"03002","39150",140773,140773,1,1
39,"03101","39141",100985,100985,1,1
39,"03102","39141",132151,132151,1,1
39,"03103","39142",102397,102397,1,1
39,"03104","39142",147051,147051,1,1
39,"03105","39142",147537,147537,1,1
39,"03106","39142",111941,111941,1,1
39,"03107","39142",100967,100967,1,1
39,"03108","39141",120156,120156,1,1
39,"03109","39141",105793,105793,1,1
39,"03200","39130",145491,145491,1,1
39,"03300","39130",122759,122759,1,1
39,"03400","39120",0,118663,0,0
39,"03500","39120",63251,107386,.589006,1
39,"03600","39120",0,126342,0,0
39,"03700","39172",0,101040,0,0
39,"03800","39172",0,109851,0,0
39,"03900","39150",147886,147886,1,1
39,"04000","39160",166179,166179,1,1
39,"04101","39160",120561,120561,1,1
39,"04102","39160",117937,117937,1,1
39,"04103","39160",154385,154385,1,1
39,"04200","39171",158383,158383,1,1
39,"04301","39171",136384,136384,1,1
39,"04302","39171",196423,196423,1,1
39,"04401","39180",105929,105929,1,1
39,"04402","39180",153971,153971,1,1
39,"04403","39180",142498,142498,1,1
39,"04404","39180",111620,111620,1,1
39,"04501","39180",123557,123557,1,1
39,"04502","39180",104712,104712,1,1
39,"04503","39180",103016,103016,1,1
39,"04601","39171",104464,104464,1,1
39,"04602","39172",115798,115798,1,1
39,"04700","39172",0,106525,0,0
39,"04800","39120",62319,126029,.4944814,0
40,"00100","40100",0,113763,0,0
40,"00200","40100",0,117304,0,0
40,"00300","40100",0,108895,0,0
40,"00400","40100",114996,211047,.5448834,1
40,"00500","40300",0,209569,0,0
40,"00600","40300",122786,241838,.5077201,1
40,"00700","40500",48109,175957,.2734134,0
40,"00800","40500",78657,231123,.3403253,0
40,"00900","40500",0,183155,0,0
40,"01000","40400",128132,128132,1,1
40,"01100","40400",393049,393049,1,1
40,"01200","40400",175880,175880,1,1
40,"01301","40201",274630,274630,1,1
40,"01302","40201",231450,231502,.9997754,1
40,"01400","40202",227950,227950,1,1
40,"01500","40202",160745,160745,1,1
40,"01600","40202",66004,131473,.5020347,1
40,"01700","40202",134642,134642,1,1
41,"00100","41100",0,119045,0,0
41,"00200","41100",0,106719,0,0
41,"00300","41100",0,110421,0,0
41,"00400","41100",115367,115367,1,1
41,"00500","41200",43560,147931,.2944616,0
41,"00600","41200",78153,181222,.4312556,0
41,"00701","41200",109575,109575,1,1
41,"00702","41200",213384,213384,1,1
41,"00800","41300",0,159642,0,0
41,"00900","41300",181269,181269,1,1
41,"01000","41300",0,100399,0,0
41,"01101","41400",169460,169460,1,1
41,"01102","41400",115374,115374,1,1
41,"01200","41400",147372,147372,1,1
41,"01301","41501",101197,101197,1,1
41,"01302","41501",106539,106539,1,1
41,"01303","41501",101076,101076,1,1
41,"01304","41501",106403,106403,1,1
41,"01305","41501",110276,110276,1,1
41,"01306","41502",118328,118328,1,1
41,"01307","41502",104245,104245,1,1
41,"01308","41502",119190,119190,1,1
41,"01309","41502",111144,111144,1,1
41,"01310","41503",109461,109461,1,1
41,"01311","41503",142121,142121,1,1
41,"01312","41503",113187,113187,1,1
41,"01313","41503",101052,101052,1,1
42,"00100","42010",103717,103717,1,1
42,"00200","42010",177126,177126,1,1
42,"00300","42010",0,134229,0,0
42,"00400","42020",0,105102,0,0
42,"00500","42030",0,110690,0,0
42,"00600","42030",46302,136262,.3398013,0
42,"00700","42030",0,138687,0,0
42,"00801","42040",111281,111281,1,1
42,"00802","42040",130094,130094,1,1
42,"00901","42040",110185,110185,1,1
42,"00902","42040",113408,113408,1,1
42,"00903","42040",95657,159808,.5985745,1
42,"01000","42030",120044,120044,1,1
42,"01100","42130",0,112792,0,0
42,"01200","42020",0,186391,0,0
42,"01300","42020",135758,135758,1,1
42,"01400","42050",0,129314,0,0
42,"01500","42050",0,104276,0,0
42,"01600","42050",120293,120293,1,1
42,"01701","42071",109554,109554,1,1
42,"01702","42072",102711,102711,1,1
42,"01703","42073",122298,122298,1,1
42,"01801","42071",146335,146335,1,1
42,"01802","42071",104604,104604,1,1
42,"01803","42071",129336,129336,1,1
42,"01804","42072",194140,194140,1,1
42,"01805","42073",117953,117953,1,1
42,"01806","42073",105862,105862,1,1
42,"01807","42072",148873,148873,1,1
42,"01900","42060",174083,174083,1,1
42,"02001","42060",17985,112628,.159685,0
42,"02002","42060",163427,163427,1,1
42,"02101","42080",103871,103871,1,1
42,"02102","42080",155846,155846,1,1
42,"02103","42080",110276,110276,1,1
42,"02201","42073",142634,142634,1,1
42,"02202","42073",60263,100935,.5970476,1
42,"02300","42080",148644,148644,1,1
42,"02400","42050",72392,161997,.4468725,0
42,"02501","42090",132258,132258,1,1
42,"02502","42090",20340,100363,.2026643,0
42,"02600","42090",129144,129144,1,1
42,"02700","42090",0,109831,0,0
42,"02801","42110",0,112465,0,0
42,"02802","42110",0,108140,0,0
42,"02900","42100",120327,120327,1,1
42,"03001","42100",131562,131562,1,1
42,"03002","42100",120236,120236,1,1
42,"03101","42100",130105,130105,1,1
42,"03102","42100",127171,127171,1,1
42,"03201","42110",107315,107315,1,1
42,"03202","42110",167845,167845,1,1
42,"03203","42110",106591,106591,1,1
42,"03301","42120",163988,163988,1,1
42,"03302","42120",142287,142287,1,1
42,"03303","42120",164383,164383,1,1
42,"03401","42130",196767,196767,1,1
42,"03402","42130",176871,176871,1,1
42,"03500","42130",0,150336,0,0
42,"03600","42140",106632,106632,1,1
42,"03701","42140",152669,152669,1,1
42,"03702","42140",111591,111591,1,1
42,"03801","42140",121515,121515,1,1
42,"03802","42140",145551,145551,1,1
42,"03901","42160",194480,194480,1,1
42,"03902","42160",146817,146817,1,1
42,"03903","42160",132460,132460,1,1
42,"03904","42160",123878,123878,1,1
42,"04001","42170",109556,109556,1,1
42,"04002","42170",158623,158623,1,1
42,"04003","42170",155299,155299,1,1
42,"04004","42170",109747,109747,1,1
42,"04005","42170",111564,111564,1,1
42,"04006","42170",105308,105308,1,1
42,"04101","42151",158123,158123,1,1
42,"04102","42151",127076,127076,1,1
42,"04103","42151",114789,114789,1,1
42,"04104","42151",171538,171538,1,1
42,"04105","42152",167220,167220,1,1
42,"04106","42152",141720,141720,1,1
42,"04107","42152",116116,116116,1,1
42,"04108","42153",130546,130546,1,1
42,"04109","42153",110243,110243,1,1
42,"04110","42153",125879,125879,1,1
42,"04111","42153",154300,154300,1,1
42,"04201","42190",130855,130855,1,1
42,"04202","42190",162586,162586,1,1
42,"04203","42190",150563,150563,1,1
42,"04204","42190",106860,106860,1,1
42,"04301","42180",138030,138030,1,1
42,"04302","42180",164248,164248,1,1
42,"04303","42180",131223,131223,1,1
44,"00100","44100",173618,173618,1,1
44,"00200","44100",156152,156152,1,1
44,"00300","44100",114797,114797,1,1
44,"00400","44100",177035,177035,1,1
44,"00500","44200",136081,136081,1,1
44,"00600","44200",167090,167090,1,1
44,"00700","44200",123546,123546,1,1
45,"00100","45100",110757,176972,.6258448,1
45,"00201","45100",232890,232890,1,1
45,"00202","45100",146726,146726,1,1
45,"00301","45200",111486,111486,1,1
45,"00302","45200",142305,142305,1,1
45,"00400","45200",0,116486,0,0
45,"00500","45200",164614,164614,1,1
45,"00600","45200",93021,129129,.7203727,1
45,"00700","45500",165740,165740,1,1
45,"00800","45500",43776,146172,.2994828,0
45,"00900","45500",142552,142552,1,1
45,"01001","45400",103055,103055,1,1
45,"01002","45400",112557,112557,1,1
45,"01100","45400",116278,116278,1,1
45,"01200","45400",204801,204801,1,1
45,"01300","45300",52647,176885,.2976341,0
45,"01400","45300",67394,126934,.5309373,1
45,"01500","45800",196629,196629,1,1
45,"01600","45800",125761,161227,.7800244,1
45,"01700","45300",104646,104646,1,1
45,"01800","45600",15185,179500,.0845961,0
45,"01900","45600",0,141615,0,0
45,"02000","45600",96413,134677,.7158832,1
45,"02101","45700",181936,181936,1,1
45,"02102","45700",128033,128033,1,1
45,"02200","45700",142651,142651,1,1
45,"02300","45800",0,125516,0,0
46,"00100","46100",88565,110367,.8024591,1
46,"00200","46100",24253,101648,.2385979,0
46,"00300","46100",0,104499,0,0
46,"00400","46100",5832,108547,.0537279,0
46,"00500","46100",0,100749,0,0
46,"00600","46100",69870,105059,.6650549,1
46,"00700","46100",123975,123975,1,1
47,"00100","47010",0,175262,0,0
47,"00200","47090",12370,115514,.1070866,0
47,"00300","47020",134768,134768,1,1
47,"00400","47020",133501,133501,1,1
47,"00501","47020",113172,113172,1,1
47,"00502","47020",106086,106086,1,1
47,"00600","47030",58183,180038,.3231707,0
47,"00700","47030",0,117386,0,0
47,"00801","47040",103176,103176,1,1
47,"00802","47040",103435,103435,1,1
47,"00900","47040",74409,154817,.4806255,0
47,"01000","47040",107198,107198,1,1
47,"01100","47050",78787,112352,.7012514,1
47,"01200","47050",44294,115464,.3836174,0
47,"01301","47060",194578,194578,1,1
47,"01302","47060",102702,102702,1,1
47,"01400","47060",173890,173890,1,1
47,"01500","47050",105823,105823,1,1
47,"01600","47050",39086,129957,.300761,0
47,"01700","47070",104015,153030,.6797034,1
47,"01800","47070",155554,155554,1,1
47,"01900","47070",152342,152342,1,1
47,"02000","47070",39146,105331,.3716475,0
47,"02100","47030",0,132219,0,0
47,"02201","47081",119185,119185,1,1
47,"02202","47081",102188,102188,1,1
47,"02203","47081",131144,131144,1,1
47,"02204","47081",113959,113959,1,1
47,"02205","47082",103415,103415,1,1
47,"02300","47082",182023,182023,1,1
47,"02400","47082",126638,126638,1,1
47,"02500","47090",0,124364,0,0
47,"02600","47090",0,133851,0,0
47,"02700","47090",22295,127508,.1748518,0
47,"02800","47010",0,135386,0,0
47,"02900","47010",107377,107377,1,1
47,"03000","47101",80077,107178,.7471403,1
47,"03101","47102",165412,165412,1,1
47,"03102","47102",131020,131020,1,1
47,"03103","47101",127949,127949,1,1
47,"03104","47102",120682,120682,1,1
47,"03105","47102",105037,105037,1,1
47,"03201","47101",143012,143012,1,1
47,"03202","47101",104360,104360,1,1
48,"00100","48010",8664,185004,.0468314,0
48,"00200","48010",113546,113546,1,1
48,"00300","48010",104312,104312,1,1
48,"00400","48020",7072,135243,.0522911,0
48,"00501","48020",109885,109885,1,1
48,"00502","48020",132743,132743,1,1
48,"00600","48020",68653,145748,.4710391,0
48,"00700","48020",131664,131664,1,1
48,"00800","48030",110595,146958,.7525619,1
48,"00900","48030",76596,107838,.7102876,1
48,"01000","48030",5327,150724,.0353427,0
48,"01100","48030",89306,119744,.7458077,1
48,"01200","48040",35291,151812,.2324651,0
48,"01300","48040",111379,173489,.6419946,1
48,"01400","48040",174706,174706,1,1
48,"01500","48050",47372,116787,.4056273,0
48,"01600","48060",0,116186,0,0
48,"01700","48050",0,139333,0,0
48,"01800","48070",0,128386,0,0
48,"01900","48160",0,135939,0,0
48,"02000","48070",114393,114393,1,1
48,"02101","48080",118908,118908,1,1
48,"02102","48080",152874,152874,1,1
48,"02103","48080",112401,112401,1,1
48,"02104","48080",107492,107492,1,1
48,"02201","48090",243769,243769,1,1
48,"02202","48090",189207,189207,1,1
48,"02301","48101",102559,102559,1,1
48,"02302","48101",135393,135393,1,1
48,"02303","48103",138726,138726,1,1
48,"02304","48103",185969,185969,1,1
48,"02305","48102",132772,132772,1,1
48,"02306","48102",195592,195592,1,1
48,"02307","48101",140986,140986,1,1
48,"02308","48101",163249,163249,1,1
48,"02309","48102",114363,114363,1,1
48,"02310","48102",105698,105698,1,1
48,"02311","48104",191615,191615,1,1
48,"02312","48103",135008,135008,1,1
48,"02313","48104",105722,105722,1,1
48,"02314","48102",160667,160667,1,1
48,"02315","48104",210580,210580,1,1
48,"02400","48070",111360,111360,1,1
48,"02501","48111",122626,122626,1,1
48,"02502","48111",127119,127119,1,1
48,"02503","48112",188741,188741,1,1
48,"02504","48113",163535,163535,1,1
48,"02505","48111",155753,155753,1,1
48,"02506","48112",182037,182037,1,1
48,"02507","48111",142778,142778,1,1
48,"02508","48112",100914,100914,1,1
48,"02509","48113",142626,142626,1,1
48,"02510","48113",106529,106529,1,1
48,"02511","48113",102056,102056,1,1
48,"02600","48070",126811,126811,1,1
48,"02700","48120",12905,143342,.0900294,0
48,"02800","48120",20785,117487,.1769132,0
48,"02900","48120",126555,126555,1,1
48,"03000","48120",104010,107874,.9641804,1
48,"03100","48130",1771,110730,.0159939,0
48,"03200","48130",116009,116009,1,1
48,"03300","48130",121123,121123,1,1
48,"03400","48130",0,105339,0,0
48,"03501","48140",100908,100908,1,1
48,"03502","48140",118664,118664,1,1
48,"03503","48140",104782,104782,1,1
48,"03504","48140",191546,191546,1,1
48,"03505","48140",163722,163722,1,1
48,"03600","48150",17762,143846,.1234793,0
48,"03701","48150",105351,105351,1,1
48,"03702","48150",106591,106591,1,1
48,"03703","48150",101010,101010,1,1
48,"03801","48160",102610,102610,1,1
48,"03802","48160",110907,110907,1,1
48,"03900","48160",56060,138260,.405468,0
48,"04000","48160",152415,152415,1,1
48,"04100","48050",22246,162101,.1372354,0
48,"04200","48060",133039,133039,1,1
48,"04300","48060",113866,113866,1,1
48,"04400","48060",138185,138185,1,1
48,"04501","48170",131142,131142,1,1
48,"04502","48170",177767,177767,1,1
48,"04503","48170",113707,113707,1,1
48,"04601","48181",127994,127994,1,1
48,"04602","48181",146966,146966,1,1
48,"04603","48182",112240,112240,1,1
48,"04604","48183",131899,131899,1,1
48,"04605","48182",121881,121881,1,1
48,"04606","48182",133599,133599,1,1
48,"04607","48183",135809,135809,1,1
48,"04608","48184",112952,112952,1,1
48,"04609","48184",123652,123652,1,1
48,"04610","48183",124409,124409,1,1
48,"04611","48181",133154,133154,1,1
48,"04612","48185",118845,118845,1,1
48,"04613","48183",132397,132397,1,1
48,"04614","48186",146951,146951,1,1
48,"04615","48182",146298,146298,1,1
48,"04616","48187",124534,124534,1,1
48,"04617","48187",147862,147862,1,1
48,"04618","48185",164847,164847,1,1
48,"04619","48185",157770,157770,1,1
48,"04620","48184",108898,108898,1,1
48,"04621","48187",161648,161648,1,1
48,"04622","48186",156588,156588,1,1
48,"04623","48186",155011,155011,1,1
48,"04624","48184",132700,132700,1,1
48,"04625","48181",141674,141674,1,1
48,"04701","48170",176264,176264,1,1
48,"04702","48170",178188,178188,1,1
48,"04801","48190",132703,132703,1,1
48,"04802","48190",109064,109064,1,1
48,"04901","48190",115536,115536,1,1
48,"04902","48190",134622,134622,1,1
48,"05000","48200",0,118745,0,0
48,"05100","48210",89927,151626,.5930843,1
48,"05201","48210",130230,130230,1,1
48,"05202","48210",119737,119737,1,1
48,"05301","48221",167656,167656,1,1
48,"05302","48221",159117,159117,1,1
48,"05303","48222",159944,159944,1,1
48,"05304","48221",158035,158035,1,1
48,"05401","48222",163946,163946,1,1
48,"05402","48222",101171,101171,1,1
48,"05500","48200",167044,167044,1,1
48,"05601","48231",102340,102340,1,1
48,"05602","48231",113367,113367,1,1
48,"05603","48231",105949,105949,1,1
48,"05604","48231",121247,121247,1,1
48,"05605","48232",154732,154732,1,1
48,"05606","48233",172439,172439,1,1
48,"05607","48233",171968,171968,1,1
48,"05608","48232",108322,108322,1,1
48,"05609","48232",128363,128363,1,1
48,"05610","48232",101012,101012,1,1
48,"05611","48233",113192,113192,1,1
48,"05700","48200",77964,132051,.5904083,1
48,"05800","48240",80692,161411,.4999164,0
48,"05900","48240",0,154381,0,0
48,"06000","48240",193117,193117,1,1
48,"06100","48250",22497,128290,.1753605,0
48,"06200","48200",104735,119126,.8791952,1
48,"06301","48250",121832,121832,1,1
48,"06302","48250",155622,155622,1,1
48,"06400","48250",103329,103329,1,1
48,"06500","48260",0,131081,0,0
48,"06600","48270",106414,106414,1,1
48,"06701","48270",115186,115186,1,1
48,"06702","48270",100637,100637,1,1
48,"06703","48270",122312,122312,1,1
48,"06704","48270",124914,124914,1,1
48,"06800","48260",139722,139722,1,1
48,"06900","48260",195505,195505,1,1
49,"00100","49100",132126,176832,.7471837,1
49,"00200","49200",196533,196533,1,1
49,"00301","49200",132800,132800,1,1
49,"00302","49200",106194,106194,1,1
49,"00400","49100",36865,146776,.251165,0
49,"00501","49301",181105,181105,1,1
49,"00502","49302",102784,102784,1,1
49,"00503","49301",129505,129505,1,1
49,"00504","49301",146427,146427,1,1
49,"00505","49302",113043,113043,1,1
49,"00506","49302",101835,101835,1,1
49,"00507","49302",123688,123688,1,1
49,"00601","49100",137652,137652,1,1
49,"00602","49100",105387,105387,1,1
49,"00603","49100",125497,125497,1,1
49,"00700","49100",98592,207111,.4760346,0
50,"00100","50100",198889,198889,1,1
50,"00200","50100",0,143710,0,0
50,"00300","50100",0,129860,0,0
50,"00400","50100",0,136368,0,0
51,"00100","51011",189453,189453,1,1
51,"00200","51011",128283,128283,1,1
51,"00301","51011",208328,208328,1,1
51,"00302","51012",174963,174963,1,1
51,"00303","51012",202647,202647,1,1
51,"00304","51012",150794,150794,1,1
51,"00305","51012",264892,264892,1,1
51,"00400","51040",82794,117869,.7024239,1
51,"00501","51020",141229,141229,1,1
51,"00502","51020",185009,185009,1,1
51,"00600","51030",268974,268974,1,1
51,"00700","51040",133820,202381,.6612281,1
51,"00800","51020",92446,109249,.8461954,1
51,"00900","51030",109674,143936,.7619637,1
51,"01000","51040",159576,159576,1,1
51,"01100","51100",19536,193650,.100883,0
51,"01200","51050",197790,197790,1,1
51,"01300","51050",262300,262300,1,1
51,"01400","51060",259903,259903,1,1
51,"01500","51050",125560,125560,1,1
51,"01600","51110",119658,119658,1,1
51,"01700","51110",116274,116274,1,1
51,"01800","51110",214911,214911,1,1
51,"01900","51060",41897,162569,.2577183,0
51,"02000","51070",180150,180150,1,1
51,"02100","51070",146437,146437,1,1
51,"02200","51070",171950,171950,1,1
51,"02300","51060",150959,150959,1,1
51,"02400","51120",151272,165146,.9159895,1
51,"02500","51120",0,114319,0,0
51,"02600","51120",91873,124954,.7352546,1
51,"02700","51120",0,160045,0,0
51,"02801","51080",119978,119978,1,1
51,"02802","51080",154485,154485,1,1
51,"02803","51080",150794,150794,1,1
51,"02900","51090",234403,234403,1,1
51,"03000","51090",199184,199184,1,1
51,"03100","51090",193970,193970,1,1
51,"03200","51100",19333,126331,.1530345,0
51,"03300","51120",47286,140039,.3376631,0
51,"03400","51100",34122,135017,.2527237,0
51,"03500","51110",110156,110156,1,1
53,"00100","53010",166814,166814,1,1
53,"00200","53010",102979,188614,.5459775,1
53,"00300","53020",99219,172145,.5763687,1
53,"00400","53020",0,160368,0,0
53,"00500","53030",195629,195629,1,1
53,"00601","53030",107454,107454,1,1
53,"00602","53030",114856,114856,1,1
53,"00700","53020",20551,122932,.1671737,0
53,"00800","53040",191822,191822,1,1
53,"00901","53040",100341,100341,1,1
53,"00902","53040",122240,122240,1,1
53,"01001","53050",135486,135486,1,1
53,"01002","53050",153493,153493,1,1
53,"01003","53050",101485,101485,1,1
53,"01004","53050",102381,102381,1,1
53,"01005","53050",113179,113179,1,1
53,"01100","53100",102820,125805,.8172966,1
53,"01201","53060",100178,100178,1,1
53,"01202","53060",107177,107177,1,1
53,"01300","53090",193556,193556,1,1
53,"01401","53090",144671,144671,1,1
53,"01402","53090",150964,150964,1,1
53,"01403","53090",102772,102772,1,1
53,"01404","53090",108857,108857,1,1
53,"01500","53060",0,156778,0,0
53,"01600","53060",0,139883,0,0
53,"01701","53010",113492,113492,1,1
53,"01702","53010",118477,118477,1,1
53,"01801","53070",126999,126999,1,1
53,"01802","53070",109697,109697,1,1
53,"01803","53070",103992,103992,1,1
53,"01804","53070",102596,102596,1,1
53,"01805","53070",120090,120090,1,1
53,"01900","53081",109569,109569,1,1
53,"02001","53081",120405,120405,1,1
53,"02002","53081",134454,134454,1,1
53,"02003","53081",105794,105794,1,1
53,"02004","53081",112586,112586,1,1
53,"02005","53081",118696,118696,1,1
53,"02006","53082",114225,114225,1,1
53,"02007","53082",118352,118352,1,1
53,"02008","53082",117551,117551,1,1
53,"02009","53082",122028,122028,1,1
53,"02101","53100",100605,100605,1,1
53,"02102","53100",101073,101073,1,1
53,"02200","53100",143560,143560,1,1
54,"00100","54100",141060,158753,.8885502,1
54,"00200","54100",0,148742,0,0
54,"00300","54100",111200,111200,1,1
54,"00400","54200",180319,212483,.8486279,1
54,"00500","54200",0,113325,0,0
54,"00600","54100",101373,172336,.5882288,1
54,"00700","54300",96784,122741,.7885222,1
54,"00800","54300",287527,287527,1,1
54,"00900","54200",0,127444,0,0
54,"01000","54300",0,106802,0,0
54,"01100","54300",0,116017,0,0
54,"01200","54300",65011,130974,.4963657,0
55,"00100","55100",43287,180782,.2394431,0
55,"00200","55200",102313,102313,1,1
55,"00300","55200",124465,124465,1,1
55,"00400","55100",63155,222852,.2833944,0
55,"00500","55100",148337,148337,1,1
55,"00600","55300",0,303910,0,0
55,"00700","55400",36804,190129,.1935738,0
55,"00800","55400",22780,140085,.1626156,0
55,"00900","55400",107120,107120,1,1
55,"01000","55500",52468,193590,.2710264,0
55,"01100","55500",208054,208054,1,1
55,"01200","55500",218472,218472,1,1
55,"01300","55200",55821,215141,.2594624,0
55,"01400","55600",97296,252344,.3855689,0
55,"01500","55600",358365,358365,1,1
55,"01600","55300",125834,125834,1,1
55,"01700","55700",0,167780,0,0
55,"01800","55700",149577,149577,1,1
55,"01900","55700",188831,188831,1,1
55,"02001","55800",162402,162402,1,1
55,"02002","55800",145708,145708,1,1
55,"02003","55800",134585,134585,1,1
55,"02004","55800",154279,154279,1,1
55,"02101","55900",113792,113792,1,1
55,"02102","55900",229398,229398,1,1
55,"02201","55900",148131,148131,1,1
55,"02202","55900",100698,100698,1,1
55,"02203","55900",111938,111938,1,1
55,"02300","55900",199810,199810,1,1
55,"02400","55500",152307,152307,1,1
55,"02500","55200",112646,112646,1,1
56,"00100","56100",0,121885,0,0
56,"00200","56100",66533,117976,.5639537,1
56,"00300","56100",0,140300,0,0
56,"00400","56100",81607,113621,.7182387,1
72,"00100","72100",146424,146424,1,1
72,"00200","72100",144063,144063,1,1
72,"00300","72200",100131,100131,1,1
72,"00400","72200",110063,110063,1,1
72,"00500","72200",133856,133856,1,1
72,"00600","72300",124156,124156,1,1
72,"00700","72200",130505,130505,1,1
72,"00801","72300",123324,123324,1,1
72,"00802","72300",100720,100720,1,1
72,"00900","72300",100053,100053,1,1
72,"01001","72400",102030,102030,1,1
72,"01002","72400",119284,119284,1,1
72,"01003","72400",108758,108758,1,1
72,"01004","72400",104302,104302,1,1
72,"01100","72500",186076,186076,1,1
72,"01200","72500",128234,128234,1,1
72,"01300","72500",102286,113260,.9031079,1
72,"01400","72600",129972,129972,1,1
72,"01500","72600",113136,113136,1,1
72,"01600","72700",63418,132128,.479974,0
72,"01700","72700",78444,100109,.7835859,1
72,"01800","72700",186475,186475,1,1
72,"01900","72800",118063,118063,1,1
72,"02000","72800",136212,136212,1,1
72,"02100","72100",158163,158163,1,1
72,"02200","72800",78619,115272,.6820303,1
72,"02300","72800",72564,125218,.5795013,1
72,"02400","72600",165650,165650,1,1
72,"02500","72600",140502,140502,1,1
72,"02600","72600",112471,112471,1,1
